gene,aa_change,peptide,wt_peptide,length,hla_allele,ic50_mut_nM,ic50_wt_nM,foreignness,clonality,priority_score,vaf,binding_class
GENE0345,p.Q364L,ALLLLLLLL,AQLLLLLLL,9,HLA-A*02:01,1.0,2.1,0.534,1.0,534.059,0.3995227466026941,strong
EGFR,p.E350M,AMLLLLLLL,AELLLLLLL,9,HLA-A*02:01,1.0,2.1,0.534,1.0,534.059,0.36303707580579925,strong
GENE0345,p.Q364L,AAAAAAAAL,AAAAAAAAQ,9,HLA-A*02:01,1.5,7.8,0.806,1.0,533.0988,0.3995227466026941,strong
GENE0227,p.N386L,AAAAAAAAAL,AAAAAAAAAN,10,HLA-A*02:01,1.5,7.7,0.804,1.0,530.1275,0.4399259918258347,strong
GENE0345,p.Q364L,ALLLLLLLLL,AQLLLLLLLL,10,HLA-A*02:01,1.0,2.1,0.528,1.0,527.5949,0.3995227466026941,strong
EGFR,p.E350M,AMLLLLLLLL,AELLLLLLLL,10,HLA-A*02:01,1.0,2.1,0.528,1.0,527.5949,0.36303707580579925,strong
GENE0152,p.T58I,AILLLLLLL,ATLLLLLLL,9,HLA-A*02:01,1.0,2.1,0.514,1.0,514.3246,0.3607877043559715,strong
GENE0152,p.T58I,AILLLLLLLL,ATLLLLLLLL,10,HLA-A*02:01,1.0,2.0,0.51,1.0,509.6251,0.3607877043559715,strong
GENE0148,p.D61V,AVLLLLLLL,ADLLLLLLL,9,HLA-A*02:01,1.0,2.1,0.534,0.895,478.1022,0.26856706211338416,strong
GENE0148,p.D61V,AVLLLLLLLL,ADLLLLLLLL,10,HLA-A*02:01,1.0,2.1,0.528,0.895,472.3154,0.26856706211338416,strong
GENE0148,p.D61V,AAAAAAAAV,AAAAAAAAD,9,HLA-A*02:01,1.8,7.8,0.769,0.895,382.6037,0.26856706211338416,strong
GENE0148,p.D61V,AAAAAAAAAV,AAAAAAAAAD,10,HLA-A*02:01,1.8,7.7,0.766,0.895,379.9297,0.26856706211338416,strong
GENE0152,p.T58I,AAAAAAAAI,AAAAAAAAT,9,HLA-A*02:01,2.0,7.5,0.737,1.0,376.3482,0.3607877043559715,strong
GENE0152,p.T58I,AAAAAAAAAI,AAAAAAAAAT,10,HLA-A*02:01,2.0,7.4,0.735,1.0,373.8133,0.3607877043559715,strong
STK11,p.W38A,AALLLLLLL,AWLLLLLLL,9,HLA-A*02:01,1.3,2.1,0.387,1.0,306.1919,0.3603129413887714,strong
GENE0027,p.W753A,AALLLLLLLL,AWLLLLLLLL,10,HLA-A*02:01,1.3,2.0,0.385,1.0,306.0594,0.36191147612779145,strong
KRAS,p.N564M,AAAAAAAAM,AAAAAAAAN,9,HLA-A*02:01,3.2,7.8,0.589,1.0,184.5475,0.3318954441829186,strong
EGFR,p.E350M,AAAAAAAAAM,AAAAAAAAAE,10,HLA-A*02:01,3.2,7.7,0.586,1.0,183.4874,0.36303707580579925,strong
GENE0070,p.P385F,AAFLLLLLL,AAPLLLLLL,9,HLA-A*02:01,1.3,1.6,0.207,1.0,161.1634,0.4203504140972235,strong
GENE0070,p.P385F,AAAFLLLLL,AAAPLLLLL,9,HLA-A*02:01,1.3,1.7,0.207,1.0,156.4583,0.4203504140972235,strong
GENE0070,p.P385F,AAAAFLLLL,AAAAPLLLL,9,HLA-A*02:01,1.4,1.7,0.207,1.0,151.8905,0.4203504140972235,strong
GENE0070,p.P385F,AAFLLLLLLL,AAPLLLLLLL,10,HLA-A*02:01,1.3,1.6,0.188,1.0,147.7665,0.4203504140972235,strong
GENE0070,p.P385F,AAAAAFLLL,AAAAAPLLL,9,HLA-A*02:01,1.4,1.8,0.207,1.0,147.456,0.4203504140972235,strong
GENE0070,p.P385F,AAAFLLLLLL,AAAPLLLLLL,10,HLA-A*02:01,1.3,1.6,0.188,1.0,143.8781,0.4203504140972235,strong
GENE0070,p.P385F,AAAAAAFLL,AAAAAAPLL,9,HLA-A*02:01,1.4,1.8,0.207,1.0,143.1511,0.4203504140972235,strong
GENE0070,p.P385F,AAAAFLLLLL,AAAAPLLLLL,10,HLA-A*02:01,1.3,1.7,0.188,1.0,140.0921,0.4203504140972235,strong
GENE0070,p.P385F,AAAAAAAFL,AAAAAAAPL,9,HLA-A*02:01,1.5,1.9,0.207,1.0,138.9718,0.4203504140972235,strong
GENE0070,p.P385F,AAAAAFLLLL,AAAAAPLLLL,10,HLA-A*02:01,1.4,1.7,0.188,1.0,136.4057,0.4203504140972235,strong
GENE0070,p.P385F,AAAAAAFLLL,AAAAAAPLLL,10,HLA-A*02:01,1.4,1.7,0.188,1.0,132.8162,0.4203504140972235,strong
GENE0070,p.P385F,AAAAAAAFLL,AAAAAAAPLL,10,HLA-A*02:01,1.5,1.8,0.188,1.0,129.3213,0.4203504140972235,strong
GENE0070,p.P385F,AAAAAAAAFL,AAAAAAAAPL,10,HLA-A*02:01,1.5,1.8,0.188,1.0,125.9183,0.4203504140972235,strong
GENE0070,p.P385F,AFLLLLLLL,APLLLLLLL,9,HLA-A*02:01,2.0,2.5,0.207,1.0,105.8527,0.4203504140972235,strong
STK11,p.W38A,AAAAAAAAA,AAAAAAAAW,9,HLA-A*02:01,4.2,7.5,0.44,1.0,105.0483,0.3603129413887714,strong
STK11,p.W38A,AAAAAAAAAA,AAAAAAAAAW,10,HLA-A*02:01,4.2,7.5,0.438,1.0,104.5127,0.3603129413887714,strong
GENE0070,p.P385F,AFLLLLLLLL,APLLLLLLLL,10,HLA-A*02:01,1.9,2.4,0.188,1.0,96.7664,0.4203504140972235,strong
GENE0156,p.P303L,AAALLLLLL,AAAPLLLLL,9,HLA-A*02:01,1.3,1.7,0.219,0.531,89.1343,0.15941252911576753,strong
GENE0156,p.P303L,AAAALLLLL,AAAAPLLLL,9,HLA-A*02:01,1.3,1.7,0.219,0.531,86.532,0.15941252911576753,strong
GENE0156,p.P303L,AAAAALLLL,AAAAAPLLL,9,HLA-A*02:01,1.4,1.8,0.219,0.531,84.0057,0.15941252911576753,strong
GENE0156,p.P303L,AAALLLLLLL,AAAPLLLLLL,10,HLA-A*02:01,1.3,1.6,0.199,0.531,81.9021,0.15941252911576753,strong
GENE0156,p.P303L,AAAAAALLL,AAAAAAPLL,9,HLA-A*02:01,1.4,1.8,0.219,0.531,81.5532,0.15941252911576753,strong
GENE0156,p.P303L,AAAALLLLLL,AAAAPLLLLL,10,HLA-A*02:01,1.3,1.7,0.199,0.531,79.7469,0.15941252911576753,strong
GENE0156,p.P303L,AAAAAAALL,AAAAAAAPL,9,HLA-A*02:01,1.5,1.9,0.219,0.531,79.1722,0.15941252911576753,strong
GENE0156,p.P303L,AAAAALLLLL,AAAAAPLLLL,10,HLA-A*02:01,1.4,1.7,0.199,0.531,77.6484,0.15941252911576753,strong
GENE0148,p.D61V,AAVLLLLLL,AADLLLLLL,9,HLA-A*02:01,1.3,1.4,0.108,0.895,76.7397,0.26856706211338416,strong
GENE0303,p.P744M,AAMLLLLLL,AAPLLLLLL,9,HLA-A*02:01,1.3,1.6,0.196,0.508,76.5662,0.15227137971797763,strong
GENE0021,p.P538D,AADLLLLLL,AAPLLLLLL,9,HLA-A*02:01,1.4,1.6,0.129,0.827,75.9172,0.24819311149069545,strong
GENE0156,p.P303L,AAAAAALLLL,AAAAAAPLLL,10,HLA-A*02:01,1.4,1.7,0.199,0.531,75.6052,0.15941252911576753,strong
GENE0148,p.D61V,AAAVLLLLL,AAADLLLLL,9,HLA-A*02:01,1.3,1.5,0.108,0.895,74.4993,0.26856706211338416,strong
GENE0303,p.P744M,AAAMLLLLL,AAAPLLLLL,9,HLA-A*02:01,1.3,1.7,0.196,0.508,74.3309,0.15227137971797763,strong
GENE0021,p.P538D,AAADLLLLL,AAAPLLLLL,9,HLA-A*02:01,1.5,1.7,0.129,0.827,73.7008,0.24819311149069545,strong
